<?xml version="1.0" encoding="ISO-8859-1"?>
<plugins>
<!--
	<plugin title="Pascal / Delphi" class="lu.fisch.structorizer.generators.PasGenerator" icon="" />
	<plugin title="Oberon" 			class="lu.fisch.structorizer.generators.OberonGenerator" icon="" />
	<plugin title="StrukTeX" 		class="lu.fisch.structorizer.generators.TexGenerator" icon="" />
	<plugin title="Perl" 			class="lu.fisch.structorizer.generators.PerlGenerator" icon="" />
	<plugin title="KSH" 			class="lu.fisch.structorizer.generators.KSHGenerator" icon="" />
	<plugin title="BASH" 			class="lu.fisch.structorizer.generators.BASHGenerator" icon="" />
	<plugin title="C" 				class="lu.fisch.structorizer.generators.CGenerator" icon="" />
	<plugin title="C#" 				class="lu.fisch.structorizer.generators.CSharpGenerator" icon="" />
	<plugin title="Php"				class="lu.fisch.structorizer.generators.PHPGenerator" icon="" />
	<plugin title="old-Java"    	class="lu.fisch.structorizer.generators.JavaGenerator" icon="" />
-->
	<plugin title="XML" 			class="lu.fisch.structorizer.generators.XMLGenerator" icon="" />
	<plugin title="Java"		    class="lu.fisch.structorizer.generators.JavaGenerator" icon="" />
</plugins>
